6.949884260000000040e+02,7.026214299999999469e+01,4.873115629999999783e+02,-1.308281999999999945e+00,1.555778000000000105e+00,-1.399181999999999926e+00
6.958430829999999787e+02,7.044187200000000360e+01,4.866875529999999799e+02,-1.312635999999999914e+00,1.556281999999999943e+00,-1.403680000000000039e+00
6.966465520000000424e+02,7.060880799999999624e+01,4.861459229999999820e+02,-1.311649999999999983e+00,1.556737999999999955e+00,-1.402822999999999931e+00
6.975599600000000464e+02,7.077077599999999791e+01,4.855762609999999881e+02,-1.305326999999999904e+00,1.557215999999999934e+00,-1.396598999999999924e+00
7.000218770000000177e+02,7.109132200000000523e+01,4.842841839999999820e+02,-1.256437999999999944e+00,1.558278000000000052e+00,-1.347773000000000110e+00
7.015532670000000053e+02,7.123200900000000502e+01,4.835703960000000166e+02,-1.210167999999999910e+00,1.558837000000000028e+00,-1.301433000000000062e+00
7.032513659999999618e+02,7.137140100000000587e+01,4.828338860000000068e+02,-1.146192000000000100e+00,1.559355000000000047e+00,-1.237357999999999958e+00
7.048828999999999496e+02,7.149698399999999765e+01,4.822450039999999944e+02,-1.062888000000000055e+00,1.559708000000000094e+00,-1.153939999999999966e+00
7.058625319999999874e+02,7.155992500000000689e+01,4.818997229999999945e+02,-1.009201000000000015e+00,1.559871000000000008e+00,-1.100160000000000027e+00
7.067631430000000137e+02,7.161001799999999662e+01,4.816555250000000115e+02,-9.488630000000000120e-01,1.559936999999999907e+00,-1.039711999999999970e+00
7.081302379999999630e+02,7.166570299999999349e+01,4.812625049999999760e+02,-8.584460000000000424e-01,1.559987000000000013e+00,-9.490809999999999524e-01
7.090053470000000289e+02,7.169318699999999467e+01,4.810418930000000159e+02,-7.962529999999999886e-01,1.559944999999999915e+00,-8.867260000000000142e-01
7.099554650000000038e+02,7.170420300000000680e+01,4.808271139999999946e+02,-7.271140000000000381e-01,1.559822999999999960e+00,-8.173759999999999915e-01
7.109071770000000470e+02,7.169730900000000418e+01,4.806231710000000135e+02,-6.589139999999999997e-01,1.559630999999999990e+00,-7.489289999999999559e-01
7.118390980000000354e+02,7.167438799999999333e+01,4.804619230000000130e+02,-5.918240000000000167e-01,1.559339999999999948e+00,-6.815649999999999764e-01
7.127605069999999614e+02,7.163476900000000569e+01,4.802949689999999805e+02,-5.300010000000000554e-01,1.559007999999999949e+00,-6.194399999999999906e-01
7.135790120000000343e+02,7.158967900000000384e+01,4.801013990000000149e+02,-4.807919999999999972e-01,1.558740999999999932e+00,-5.699440000000000062e-01
7.150754709999999932e+02,7.149683199999999772e+01,4.798018109999999865e+02,-3.935390000000000277e-01,1.558095999999999925e+00,-4.821429999999999882e-01
7.164732470000000149e+02,7.140678800000000592e+01,4.794853580000000193e+02,-3.197809999999999819e-01,1.557469999999999910e+00,-4.078579999999999983e-01
7.172351190000000543e+02,7.134613899999999376e+01,4.793545639999999821e+02,-2.817879999999999829e-01,1.557031999999999972e+00,-3.695599999999999996e-01
7.179548220000000356e+02,7.128768800000000283e+01,4.792169279999999958e+02,-2.491029999999999911e-01,1.556616000000000000e+00,-3.365850000000000231e-01
7.185830849999999828e+02,7.123622500000000457e+01,4.790738029999999981e+02,-2.232379999999999920e-01,1.556270999999999960e+00,-3.104709999999999970e-01
7.192269089999999778e+02,7.117824500000000398e+01,4.789078480000000013e+02,-1.992760000000000087e-01,1.555933000000000010e+00,-2.862489999999999757e-01
7.198866160000000036e+02,7.112193000000000609e+01,4.787695719999999824e+02,-1.760929999999999995e-01,1.555520999999999932e+00,-2.628139999999999921e-01
7.213458799999999655e+02,7.098255000000000337e+01,4.782559620000000109e+02,-1.395899999999999919e-01,1.554866999999999999e+00,-2.257830000000000115e-01
7.218119400000000496e+02,7.092468999999999824e+01,4.780797830000000204e+02,-1.303380000000000094e-01,1.554664999999999964e+00,-2.163529999999999898e-01
7.222396380000000136e+02,7.086747699999999384e+01,4.779080819999999790e+02,-1.227660000000000001e-01,1.554491000000000067e+00,-2.086119999999999919e-01
7.226066200000000208e+02,7.082340899999999806e+01,4.777377389999999764e+02,-1.165069999999999995e-01,1.554375000000000062e+00,-2.022180000000000089e-01
7.229737969999999905e+02,7.078162299999999618e+01,4.775765860000000202e+02,-1.102000000000000063e-01,1.554243999999999959e+00,-1.957770000000000066e-01
7.233228420000000369e+02,7.074563499999999294e+01,4.773793949999999882e+02,-1.047899999999999943e-01,1.554186000000000067e+00,-1.902480000000000004e-01
7.246594629999999597e+02,7.072893600000000447e+01,4.763402429999999868e+02,-7.984399999999999831e-02,1.554397000000000029e+00,-1.650429999999999953e-01
7.248592619999999442e+02,7.075527200000000505e+01,4.761407449999999812e+02,-7.440800000000000192e-02,1.554497999999999935e+00,-1.596120000000000039e-01
7.252405069999999796e+02,7.080270699999999806e+01,4.757958060000000273e+02,-6.636499999999999344e-02,1.554623000000000088e+00,-1.515950000000000075e-01
7.255782940000000281e+02,7.085891399999999862e+01,4.754318299999999908e+02,-6.467299999999999438e-02,1.554802999999999935e+00,-1.499979999999999924e-01
7.257633309999999938e+02,7.088543300000000613e+01,4.752869509999999877e+02,-6.547100000000000142e-02,1.554810000000000025e+00,-1.508539999999999881e-01
7.261418979999999692e+02,7.098072700000000168e+01,4.749200129999999831e+02,-6.840999999999999859e-02,1.554923000000000055e+00,-1.540050000000000030e-01
7.269317750000000160e+02,7.119812899999999445e+01,4.744997490000000084e+02,-5.727200000000000346e-02,1.554667000000000021e+00,-1.432370000000000032e-01
7.271545399999999972e+02,7.117189199999999971e+01,4.744739109999999869e+02,-5.225199999999999984e-02,1.554469000000000101e+00,-1.381290000000000018e-01
7.273456800000000158e+02,7.114183800000000701e+01,4.744582770000000096e+02,-4.856100000000000000e-02,1.554289000000000032e+00,-1.343499999999999972e-01
7.275824209999999539e+02,7.112675199999999620e+01,4.745633369999999900e+02,-4.203799999999999898e-02,1.553871999999999920e+00,-1.277510000000000034e-01
7.276882060000000365e+02,7.113058200000000397e+01,4.746700650000000223e+02,-3.845599999999999713e-02,1.553593000000000002e+00,-1.241489999999999955e-01
7.277780510000000049e+02,7.113147899999999879e+01,4.747958209999999895e+02,-3.552700000000000302e-02,1.553301000000000043e+00,-1.211980000000000002e-01
7.278679449999999633e+02,7.113277999999999679e+01,4.749638699999999858e+02,-3.236300000000000288e-02,1.552944000000000102e+00,-1.180110000000000048e-01
7.279498129999999492e+02,7.113870699999999658e+01,4.751428199999999720e+02,-2.923900000000000110e-02,1.552578000000000014e+00,-1.148710000000000009e-01
7.280467820000000074e+02,7.114100799999999936e+01,4.753562870000000089e+02,-2.578099999999999836e-02,1.552143000000000050e+00,-1.113890000000000019e-01
7.281946000000000367e+02,7.114543899999999610e+01,4.756776219999999853e+02,-2.073799999999999949e-02,1.551485999999999921e+00,-1.063100000000000017e-01
7.283736300000000483e+02,7.114556399999999314e+01,4.760697339999999826e+02,-1.525699999999999973e-02,1.550683999999999951e+00,-1.007770000000000055e-01
7.285172679999999445e+02,7.113781099999999924e+01,4.763786329999999793e+02,-1.134199999999999965e-02,1.550049999999999928e+00,-9.680999999999999328e-02
7.286994110000000546e+02,7.113121999999999900e+01,4.767722400000000107e+02,-6.583999999999999575e-03,1.549242000000000008e+00,-9.199300000000000532e-02
7.289268160000000307e+02,7.112255999999999290e+01,4.772614249999999743e+02,-1.307999999999999918e-03,1.548237000000000085e+00,-8.664399999999999880e-02
7.290520400000000336e+02,7.110573499999999569e+01,4.775199370000000272e+02,2.239999999999999966e-04,1.547700000000000076e+00,-8.505899999999999572e-02
7.291081219999999803e+02,7.109641999999999484e+01,4.776388309999999819e+02,2.869999999999999830e-04,1.547452000000000050e+00,-8.497699999999999698e-02
7.291295689999999468e+02,7.108848000000000411e+01,4.776826679999999783e+02,-8.399999999999999535e-05,1.547358999999999929e+00,-8.533799999999999719e-02
7.291419680000000199e+02,7.105465599999999426e+01,4.776992280000000051e+02,-2.521999999999999936e-03,1.547315999999999914e+00,-8.773200000000000442e-02
7.291414340000000038e+02,7.102890600000000632e+01,4.776882939999999849e+02,-3.843000000000000062e-03,1.547333000000000069e+00,-8.901599999999999790e-02
7.291422280000000455e+02,7.099688799999999844e+01,4.776732049999999958e+02,-5.427000000000000400e-03,1.547355999999999954e+00,-9.055000000000000548e-02
7.291421550000000025e+02,7.096523999999999432e+01,4.776606850000000009e+02,-7.053000000000000241e-03,1.547374999999999945e+00,-9.212599999999999956e-02
7.291341499999999769e+02,7.091419899999999643e+01,4.776271239999999807e+02,-9.834000000000000727e-03,1.547436000000000034e+00,-9.482999999999999763e-02
7.291220210000000179e+02,7.087393400000000554e+01,4.775880020000000172e+02,-1.219300000000000071e-02,1.547509999999999941e+00,-9.713099999999999512e-02
7.290867220000000088e+02,7.080458699999999794e+01,4.774884630000000243e+02,-1.691399999999999848e-02,1.547701999999999911e+00,-1.017559999999999992e-01
7.289972800000000461e+02,7.075710499999999570e+01,4.772772249999999872e+02,-2.218200000000000033e-02,1.548124999999999973e+00,-1.069770000000000026e-01
7.288781060000000025e+02,7.072227900000000034e+01,4.770056440000000180e+02,-2.790700000000000125e-02,1.548674000000000106e+00,-1.126830000000000054e-01
7.282532439999999951e+02,7.070868299999999351e+01,4.756414149999999950e+02,-5.150300000000000017e-02,1.551452999999999971e+00,-1.364350000000000007e-01
7.279134229999999661e+02,7.069094200000000683e+01,4.749045310000000200e+02,-6.813099999999999712e-02,1.552948999999999913e+00,-1.531309999999999893e-01
7.277144690000000082e+02,7.069978999999999303e+01,4.744787989999999809e+02,-7.800500000000000489e-02,1.553817000000000004e+00,-1.630749999999999977e-01
7.274837430000000040e+02,7.071897500000000036e+01,4.739916630000000168e+02,-9.004099999999999604e-02,1.554809000000000108e+00,-1.752070000000000016e-01
7.273469000000000051e+02,7.073323899999999753e+01,4.737033299999999940e+02,-9.769999999999999518e-02,1.555395000000000083e+00,-1.829280000000000073e-01
7.272038360000000239e+02,7.075289499999999521e+01,4.734039050000000088e+02,-1.063540000000000041e-01,1.556003000000000025e+00,-1.916549999999999920e-01
7.269514100000000099e+02,7.079255100000000311e+01,4.728799460000000181e+02,-1.246369999999999978e-01,1.557058999999999971e+00,-2.100879999999999970e-01
7.266908909999999651e+02,7.083249200000000201e+01,4.723393429999999853e+02,-1.487249999999999961e-01,1.558135999999999965e+00,-2.343419999999999948e-01
7.263920960000000377e+02,7.088283099999999592e+01,4.717271579999999744e+02,-1.841109999999999969e-01,1.559336999999999973e+00,-2.699429999999999885e-01
7.261302210000000059e+02,7.092597200000000157e+01,4.711866269999999872e+02,-2.248249999999999971e-01,1.560370999999999952e+00,-3.108540000000000192e-01
7.258264000000000351e+02,7.100335800000000575e+01,4.705789740000000165e+02,-2.819820000000000104e-01,1.561509999999999954e+00,-3.682960000000000123e-01
7.255164439999999786e+02,7.110035499999999331e+01,4.699585339999999860e+02,-3.545449999999999990e-01,1.562637000000000054e+00,-4.411760000000000126e-01
7.239236029999999573e+02,7.154357400000000666e+01,4.668103060000000255e+02,-1.281037999999999899e+00,1.566742999999999997e+00,-1.369067000000000034e+00
7.236274250000000166e+02,7.162059600000000614e+01,4.662239119999999843e+02,-1.585550999999999933e+00,1.566773999999999889e+00,-1.673799999999999955e+00
7.233974429999999529e+02,7.168380200000000002e+01,4.657692270000000008e+02,-1.810318000000000094e+00,1.566559000000000035e+00,-1.898736999999999897e+00
7.228738009999999576e+02,7.180116399999999999e+01,4.647347659999999792e+02,-2.204429000000000194e+00,1.565452000000000066e+00,-2.293175000000000185e+00
7.219738589999999476e+02,7.185118400000000349e+01,4.629298160000000166e+02,-2.554803000000000157e+00,1.562467999999999968e+00,-2.643876000000000115e+00
7.215000390000000152e+02,7.187684600000000046e+01,4.619859109999999873e+02,-2.654310000000000169e+00,1.560708999999999902e+00,-2.743554000000000048e+00
7.210462270000000444e+02,7.189857499999999391e+01,4.610855710000000158e+02,-2.717353000000000129e+00,1.558948000000000000e+00,-2.806756000000000029e+00
7.207840019999999868e+02,7.190854600000000119e+01,4.605662639999999897e+02,-2.745284999999999975e+00,1.557913000000000103e+00,-2.834776999999999880e+00
7.203483429999999998e+02,7.192091800000000035e+01,4.597098229999999717e+02,-2.781174000000000035e+00,1.556178000000000061e+00,-2.870805999999999969e+00
7.191617529999999761e+02,7.204797800000000052e+01,4.574267980000000193e+02,-2.841661999999999910e+00,1.551465000000000094e+00,-2.931811999999999863e+00
7.189262569999999641e+02,7.206629599999999414e+01,4.569865350000000035e+02,-2.849820999999999938e+00,1.550542000000000087e+00,-2.940064000000000011e+00
7.186979790000000321e+02,7.207041599999999448e+01,4.565525369999999725e+02,-2.857060999999999851e+00,1.549633000000000038e+00,-2.947372000000000103e+00
7.183189670000000433e+02,7.206887700000000052e+01,4.558433249999999930e+02,-2.867466999999999988e+00,1.548137000000000096e+00,-2.957882999999999818e+00
7.179897049999999581e+02,7.206857700000000477e+01,4.552254919999999743e+02,-2.875300000000000189e+00,1.546832999999999902e+00,-2.965809000000000140e+00
7.177058710000000019e+02,7.207473400000000652e+01,4.546854410000000257e+02,-2.881514000000000131e+00,1.545697000000000099e+00,-2.972115000000000062e+00
7.173297340000000304e+02,7.207818100000000072e+01,4.539733519999999771e+02,-2.889092000000000215e+00,1.544197000000000042e+00,-2.979807999999999790e+00
7.164317429999999831e+02,7.211317200000000582e+01,4.522766849999999863e+02,-2.904990000000000183e+00,1.540621999999999936e+00,-2.996007999999999782e+00
7.163165900000000192e+02,7.213092799999999727e+01,4.520625709999999913e+02,-2.907153000000000098e+00,1.540172000000000097e+00,-2.998228999999999811e+00
7.161076699999999846e+02,7.218591000000000690e+01,4.516857459999999946e+02,-2.911445000000000061e+00,1.539377999999999913e+00,-3.002661999999999942e+00
7.158450870000000350e+02,7.233267200000000230e+01,4.512313940000000230e+02,-2.918639000000000205e+00,1.538427999999999907e+00,-3.010149999999999881e+00
7.152655839999999898e+02,7.282553099999999802e+01,4.502772509999999784e+02,-2.938222000000000111e+00,1.536440000000000028e+00,-3.030640000000000001e+00
7.150989809999999807e+02,7.292499599999999305e+01,4.499933199999999829e+02,-2.942677999999999905e+00,1.535843000000000069e+00,-3.035295000000000076e+00
7.149614259999999604e+02,7.301324900000000184e+01,4.497635660000000257e+02,-2.946210999999999913e+00,1.535358000000000001e+00,-3.039001999999999981e+00
7.148434340000000020e+02,7.309239599999999371e+01,4.495719490000000178e+02,-2.949195000000000011e+00,1.534952000000000094e+00,-3.042140999999999984e+00
7.147355760000000373e+02,7.317868799999999396e+01,4.494055079999999975e+02,-2.952240999999999893e+00,1.534596000000000071e+00,-3.045348000000000166e+00
7.146389269999999669e+02,7.328591900000000692e+01,4.492578199999999811e+02,-2.955833000000000155e+00,1.534284999999999899e+00,-3.049129999999999896e+00
7.144169520000000375e+02,7.366275299999999504e+01,4.489902579999999830e+02,-2.967283999999999811e+00,1.533701999999999899e+00,-3.061218000000000217e+00
7.143673300000000381e+02,7.379187100000000044e+01,4.489502749999999764e+02,-2.970908000000000104e+00,1.533609999999999918e+00,-3.065052999999999805e+00
7.143257389999999987e+02,7.391812500000000341e+01,4.489181110000000103e+02,-2.974499999999999922e+00,1.533538000000000068e+00,-3.068849000000000160e+00
7.142542429999999740e+02,7.417474799999999391e+01,4.488676140000000032e+02,-2.982078000000000007e+00,1.533428000000000013e+00,-3.076839000000000102e+00
7.142147069999999758e+02,7.430153400000000374e+01,4.488311909999999898e+02,-2.985866000000000131e+00,1.533349999999999991e+00,-3.080832000000000015e+00
7.141422599999999647e+02,7.447500499999999590e+01,4.487468210000000113e+02,-2.991023999999999905e+00,1.533169999999999922e+00,-3.086275000000000102e+00
7.137311560000000554e+02,7.504657500000000425e+01,4.481472400000000107e+02,-3.006734999999999935e+00,1.531876000000000015e+00,-3.102983000000000047e+00
7.136675149999999803e+02,7.510408499999999776e+01,4.480457680000000096e+02,-3.008226000000000067e+00,1.531657000000000046e+00,-3.104579999999999895e+00
7.135964770000000499e+02,7.516012100000000373e+01,4.479298160000000166e+02,-3.009724999999999984e+00,1.531406999999999963e+00,-3.106184999999999974e+00
7.134143649999999752e+02,7.525674700000000428e+01,4.476184059999999931e+02,-3.012182999999999833e+00,1.530737999999999932e+00,-3.108842999999999801e+00
7.132613890000000083e+02,7.531793799999999806e+01,4.473436730000000239e+02,-3.013608000000000064e+00,1.530154000000000014e+00,-3.110405999999999782e+00
7.131831300000000056e+02,7.534774199999999666e+01,4.472071470000000204e+02,-3.014209000000000138e+00,1.529860999999999915e+00,-3.111075000000000035e+00
7.130988340000000107e+02,7.537160199999999577e+01,4.470561460000000125e+02,-3.014631000000000061e+00,1.529538000000000064e+00,-3.111561000000000021e+00
7.130034190000000081e+02,7.538432899999999393e+01,4.468818120000000249e+02,-3.014721999999999902e+00,1.529166000000000025e+00,-3.111701000000000050e+00
7.128241160000000036e+02,7.539568400000000281e+01,4.465530390000000125e+02,-3.014384000000000174e+00,1.528458000000000094e+00,-3.111441000000000123e+00
7.127027580000000171e+02,7.540480700000000525e+01,4.463264889999999809e+02,-3.013840000000000074e+00,1.527960999999999903e+00,-3.110961000000000087e+00
7.125625870000000077e+02,7.543309899999999857e+01,4.460735930000000167e+02,-3.012939999999999952e+00,1.527420999999999918e+00,-3.110171999999999937e+00
7.123815990000000511e+02,7.548494499999999618e+01,4.457553439999999796e+02,-3.011646999999999963e+00,1.526742000000000044e+00,-3.109051000000000009e+00
7.121809250000000020e+02,7.550129699999999389e+01,4.453995130000000131e+02,-3.011057999999999790e+00,1.525981000000000032e+00,-3.108560000000000212e+00
7.116729390000000421e+02,7.562235699999999383e+01,4.444480859999999893e+02,-3.015531000000000184e+00,1.523997000000000046e+00,-3.113309999999999800e+00
7.113657670000000053e+02,7.562135000000000673e+01,4.437872649999999908e+02,-3.023560999999999943e+00,1.522656000000000009e+00,-3.121230000000000171e+00
7.111317810000000463e+02,7.561032099999999900e+01,4.432107619999999883e+02,-3.030809000000000086e+00,1.521527000000000074e+00,-3.128340999999999816e+00
7.109911240000000134e+02,7.560904600000000642e+01,4.428280609999999911e+02,-3.034638999999999864e+00,1.520804000000000045e+00,-3.132111999999999785e+00
7.108281990000000405e+02,7.560365500000000338e+01,4.423554229999999734e+02,-3.037989000000000051e+00,1.519962000000000035e+00,-3.135409000000000113e+00
7.106457159999999931e+02,7.559268500000000301e+01,4.418264819999999986e+02,-3.040271999999999863e+00,1.519069000000000003e+00,-3.137652999999999803e+00
7.103083289999999579e+02,7.558170099999999536e+01,4.408453000000000088e+02,-3.042345000000000077e+00,1.517476999999999965e+00,-3.139718999999999927e+00
7.100674599999999828e+02,7.558757599999999854e+01,4.401761599999999817e+02,-3.042565000000000186e+00,1.516402000000000028e+00,-3.139991000000000199e+00
7.096121190000000070e+02,7.563430200000000525e+01,4.389675720000000183e+02,-3.042908000000000168e+00,1.514566999999999997e+00,-3.140489999999999782e+00
7.091366960000000290e+02,7.573077399999999670e+01,4.377065089999999827e+02,-3.044001999999999875e+00,1.512809000000000070e+00,3.141383999999999954e+00
7.085736829999999600e+02,7.588184300000000349e+01,4.362195889999999849e+02,-3.045821999999999807e+00,1.510829999999999895e+00,3.139264999999999972e+00
7.062804820000000063e+02,7.702921999999999514e+01,4.301455199999999763e+02,-3.044077999999999840e+00,1.502170000000000005e+00,3.138453999999999855e+00
7.052677390000000059e+02,7.769314799999999366e+01,4.273303839999999809e+02,-3.045986000000000082e+00,1.497543999999999986e+00,3.135102999999999973e+00
7.047507869999999457e+02,7.804514299999999594e+01,4.258541240000000130e+02,-3.047870000000000079e+00,1.494950000000000001e+00,3.132462999999999997e+00
7.038756479999999556e+02,7.871361299999999517e+01,4.232716040000000248e+02,-3.052582000000000129e+00,1.490264999999999951e+00,3.126360000000000028e+00
7.029791669999999613e+02,7.948337999999999681e+01,4.205864169999999831e+02,-3.058994000000000213e+00,1.485286000000000106e+00,3.118415000000000159e+00
7.016766689999999471e+02,8.071986300000000369e+01,4.165280139999999847e+02,-3.071038999999999852e+00,1.477799000000000085e+00,3.104045000000000165e+00
7.000372109999999566e+02,8.251086599999999294e+01,4.113342599999999720e+02,-3.088858999999999799e+00,1.468288000000000038e+00,3.082972999999999963e+00
6.994532000000000380e+02,8.322029299999999807e+01,4.093723330000000260e+02,-3.095432999999999879e+00,1.464758999999999922e+00,3.075127000000000166e+00
6.986512820000000374e+02,8.426581699999999842e+01,4.066987100000000055e+02,-3.104242999999999864e+00,1.459950000000000081e+00,3.064461999999999797e+00
6.977379389999999830e+02,8.554228200000000015e+01,4.035334899999999720e+02,-3.114244999999999930e+00,1.454263000000000083e+00,3.052255999999999858e+00
6.968746220000000449e+02,8.680293899999999496e+01,4.003983590000000277e+02,-3.123901000000000039e+00,1.448606000000000060e+00,3.040481000000000211e+00
6.963415350000000217e+02,8.763122400000000312e+01,3.985426600000000121e+02,-3.129942999999999920e+00,1.445225999999999900e+00,3.033065999999999818e+00
6.951301969999999528e+02,8.944527800000000184e+01,3.942976400000000012e+02,3.133474999999999788e+00,1.437646999999999897e+00,3.010559000000000207e+00
6.946488920000000462e+02,9.012104800000000182e+01,3.926110939999999800e+02,3.120700999999999947e+00,1.434784999999999977e+00,2.996929000000000176e+00
6.941472079999999778e+02,9.087996599999999603e+01,3.908641840000000229e+02,3.104591000000000101e+00,1.431967999999999908e+00,2.979909999999999837e+00
6.934609040000000277e+02,9.205094699999999364e+01,3.883884279999999762e+02,3.075407999999999920e+00,1.428320000000000034e+00,2.949389000000000038e+00
6.928846610000000510e+02,9.343790699999999561e+01,3.860377090000000067e+02,3.035479000000000038e+00,1.425432999999999950e+00,2.907938999999999830e+00
6.924322879999999714e+02,9.498754999999999882e+01,3.837920730000000162e+02,2.980182999999999804e+00,1.422973999999999961e+00,2.851091999999999960e+00
6.922171289999999999e+02,9.608285899999999913e+01,3.823034620000000245e+02,2.932850999999999875e+00,1.421159999999999979e+00,2.802785000000000082e+00
6.920154529999999795e+02,9.744393999999999778e+01,3.805218960000000266e+02,2.868452000000000002e+00,1.418396999999999908e+00,2.737286999999999804e+00
6.918796429999999873e+02,9.872352200000000266e+01,3.787439880000000016e+02,2.800149000000000221e+00,1.414689000000000085e+00,2.668107000000000006e+00
6.918215999999999894e+02,9.990251299999999901e+01,3.770389809999999784e+02,2.732740000000000169e+00,1.410045999999999911e+00,2.600023999999999891e+00
6.918181200000000217e+02,1.011417069999999967e+02,3.753206829999999741e+02,2.660522999999999971e+00,1.403918999999999917e+00,2.527178999999999842e+00
6.918309120000000121e+02,1.023650810000000035e+02,3.735219220000000178e+02,2.589748000000000161e+00,1.396153999999999895e+00,2.455827000000000204e+00
6.918785739999999578e+02,1.037546430000000015e+02,3.714251629999999977e+02,2.511880999999999808e+00,1.385076999999999892e+00,2.377362000000000197e+00
6.919555500000000166e+02,1.049874889999999965e+02,3.693841550000000211e+02,2.446521999999999863e+00,1.372843999999999953e+00,2.311538000000000093e+00
6.920153930000000173e+02,1.061321460000000059e+02,3.672203049999999962e+02,2.391404000000000085e+00,1.359186999999999923e+00,2.256050999999999807e+00
6.920903319999999894e+02,1.074314650000000029e+02,3.644831140000000005e+02,2.332631999999999817e+00,1.340321000000000096e+00,2.197103999999999946e+00
6.922144459999999526e+02,1.092957370000000026e+02,3.596850529999999821e+02,2.257048999999999861e+00,1.305034000000000027e+00,2.122018999999999878e+00
6.922661100000000260e+02,1.099517869999999959e+02,3.577019139999999879e+02,2.234640999999999877e+00,1.290378999999999943e+00,2.099995999999999974e+00
6.923775520000000370e+02,1.108209020000000038e+02,3.547815780000000245e+02,2.206344999999999779e+00,1.268199999999999994e+00,2.072496999999999812e+00
6.925054699999999457e+02,1.116232499999999987e+02,3.517482650000000035e+02,2.181111000000000022e+00,1.244658999999999960e+00,2.048373999999999917e+00
6.926067950000000337e+02,1.120278789999999987e+02,3.500797010000000000e+02,2.167917999999999790e+00,1.231247999999999898e+00,2.035930000000000017e+00
6.927828849999999647e+02,1.126996460000000013e+02,3.468596909999999980e+02,2.145798999999999790e+00,1.205843999999999916e+00,2.015467999999999815e+00
6.929309259999999995e+02,1.132053449999999941e+02,3.440080050000000256e+02,2.128515999999999853e+00,1.183356999999999992e+00,1.999889999999999946e+00
6.931039990000000444e+02,1.137667849999999987e+02,3.407605740000000196e+02,2.110456000000000110e+00,1.157286000000000037e+00,1.983953999999999995e+00
6.932664929999999686e+02,1.143077889999999996e+02,3.372544920000000275e+02,2.092690999999999857e+00,1.128640000000000088e+00,1.968763999999999958e+00
6.934602750000000242e+02,1.148252930000000021e+02,3.334229139999999916e+02,2.075123000000000051e+00,1.097102000000000022e+00,1.954318000000000000e+00
6.937161280000000261e+02,1.152239179999999976e+02,3.298498060000000009e+02,2.058745000000000047e+00,1.066033999999999926e+00,1.941302000000000083e+00
6.938828650000000380e+02,1.154444979999999958e+02,3.277287329999999770e+02,2.049275000000000180e+00,1.046988000000000030e+00,1.933988000000000040e+00
6.941705909999999449e+02,1.157481180000000052e+02,3.245816879999999855e+02,2.035502999999999840e+00,1.017962000000000033e+00,1.923658000000000090e+00
6.945202580000000125e+02,1.161096299999999957e+02,3.209049820000000182e+02,2.020535999999999888e+00,9.836850000000000316e-01,1.912827000000000055e+00
6.949419779999999491e+02,1.164947360000000032e+02,3.176376409999999737e+02,2.006924000000000152e+00,9.510560000000000125e-01,1.903002000000000082e+00
6.952131970000000365e+02,1.167119509999999991e+02,3.159751549999999725e+02,1.999664000000000108e+00,9.332909999999999817e-01,1.897731999999999974e+00
6.958323679999999740e+02,1.171079249999999945e+02,3.130077590000000214e+02,1.986239000000000088e+00,8.999190000000000245e-01,1.887923000000000018e+00
6.963093629999999621e+02,1.173446859999999958e+02,3.112368060000000014e+02,1.977424999999999988e+00,8.782450000000000534e-01,1.881367999999999929e+00
6.970762429999999767e+02,1.177077749999999980e+02,3.090151829999999791e+02,1.965289999999999981e+00,8.480229999999999713e-01,1.872185999999999906e+00
6.978745300000000498e+02,1.180526569999999964e+02,3.070699200000000246e+02,1.953907999999999978e+00,8.186729999999999841e-01,1.863502999999999910e+00
6.987385030000000370e+02,1.184052910000000054e+02,3.052365209999999820e+02,1.942709999999999937e+00,7.886140000000000372e-01,1.854943000000000008e+00
6.995489420000000109e+02,1.187834600000000052e+02,3.037163689999999860e+02,1.932981999999999978e+00,7.610149999999999970e-01,1.847294999999999909e+00
7.003784170000000131e+02,1.192600290000000030e+02,3.025174359999999751e+02,1.924034999999999940e+00,7.344349999999999490e-01,1.839863000000000026e+00
7.012102710000000343e+02,1.197934719999999942e+02,3.016295109999999795e+02,1.915634999999999977e+00,7.087149999999999839e-01,1.832494999999999985e+00
7.018844569999999976e+02,1.202283209999999940e+02,3.011506620000000112e+02,1.909159000000000050e+00,6.885999999999999899e-01,1.826600000000000001e+00
7.027193999999999505e+02,1.207408609999999953e+02,3.007200450000000274e+02,1.901060999999999890e+00,6.627140000000000253e-01,1.819101999999999997e+00
7.034244700000000421e+02,1.210832819999999970e+02,3.005637229999999818e+02,1.893645000000000023e+00,6.388559999999999794e-01,1.812121000000000093e+00
7.039862450000000536e+02,1.213001990000000063e+02,3.005110260000000153e+02,1.886992999999999920e+00,6.159029999999999783e-01,1.805900999999999978e+00
7.044083560000000261e+02,1.214307230000000004e+02,3.005087199999999825e+02,1.881456999999999935e+00,5.948849999999999971e-01,1.800807000000000047e+00
7.047573999999999614e+02,1.214681719999999956e+02,3.006223229999999944e+02,1.876312999999999898e+00,5.735839999999999828e-01,1.796275999999999984e+00
7.049752109999999448e+02,1.214010379999999998e+02,3.007781029999999873e+02,1.871456999999999926e+00,5.520979999999999777e-01,1.792276999999999898e+00
7.050492809999999508e+02,1.212861659999999944e+02,3.009210190000000011e+02,1.866870000000000029e+00,5.302820000000000311e-01,1.788712999999999997e+00
7.049409170000000131e+02,1.211761079999999993e+02,3.010667310000000043e+02,1.859572999999999920e+00,4.916869999999999852e-01,1.783409000000000022e+00
7.048253019999999651e+02,1.212325730000000021e+02,3.010893300000000181e+02,1.856548000000000087e+00,4.737270000000000092e-01,1.781276000000000082e+00
7.046779749999999467e+02,1.214052850000000063e+02,3.011063740000000166e+02,1.853348999999999913e+00,4.532030000000000225e-01,1.778993999999999964e+00
7.045071599999999989e+02,1.215948860000000025e+02,3.010483590000000049e+02,1.850729999999999986e+00,4.347659999999999858e-01,1.777239000000000013e+00
7.043420409999999947e+02,1.216642339999999933e+02,3.009433760000000007e+02,1.848667000000000060e+00,4.207719999999999794e-01,1.776122999999999896e+00
7.041130520000000388e+02,1.215855379999999997e+02,3.007264069999999947e+02,1.845571000000000073e+00,4.016779999999999795e-01,1.774880000000000013e+00
7.038974570000000313e+02,1.213932559999999938e+02,3.004309549999999831e+02,1.842214999999999936e+00,3.820660000000000167e-01,1.773829000000000100e+00
7.037194409999999607e+02,1.212165130000000062e+02,3.001538059999999746e+02,1.838769000000000098e+00,3.619419999999999860e-01,1.772755000000000081e+00
7.036227440000000115e+02,1.211301820000000049e+02,2.999960510000000227e+02,1.836486000000000063e+00,3.484900000000000220e-01,1.772026000000000101e+00
7.034905780000000277e+02,1.210283600000000064e+02,2.997859349999999949e+02,1.832686999999999955e+00,3.260100000000000220e-01,1.770777999999999963e+00
7.034195889999999736e+02,1.208937690000000060e+02,2.996146120000000224e+02,1.828961000000000059e+00,3.048230000000000106e-01,1.769644999999999913e+00
7.033786189999999579e+02,1.207468070000000040e+02,2.994473649999999907e+02,1.825069999999999970e+00,2.828609999999999736e-01,1.768548000000000009e+00
7.033606559999999490e+02,1.205869069999999965e+02,2.992688899999999990e+02,1.820831000000000088e+00,2.589690000000000047e-01,1.767508999999999997e+00
7.033669069999999692e+02,1.204647949999999952e+02,2.991256900000000201e+02,1.817609000000000030e+00,2.405970000000000053e-01,1.766850000000000032e+00
7.033827659999999469e+02,1.203060459999999949e+02,2.989326070000000186e+02,1.813293000000000044e+00,2.155670000000000086e-01,1.766175000000000050e+00
7.033938510000000406e+02,1.201563189999999963e+02,2.987318230000000199e+02,1.809182999999999986e+00,1.912880000000000136e-01,1.765786999999999995e+00
7.033840539999999919e+02,1.199967129999999997e+02,2.984850339999999846e+02,1.804883999999999933e+00,1.653890000000000082e-01,1.765687000000000006e+00
7.033663910000000214e+02,1.198548739999999952e+02,2.982394489999999792e+02,1.801468000000000069e+00,1.445430000000000048e-01,1.765903999999999918e+00
7.033055739999999787e+02,1.196917480000000040e+02,2.978283240000000092e+02,1.797087000000000101e+00,1.170839999999999936e-01,1.766677000000000053e+00
7.027506419999999707e+02,1.194938549999999964e+02,2.960183420000000183e+02,1.785412999999999917e+00,4.039500000000000035e-02,1.771320000000000006e+00
7.025517539999999599e+02,1.194948389999999989e+02,2.955301610000000210e+02,1.783230000000000093e+00,2.616699999999999929e-02,1.772582000000000102e+00
7.022981140000000551e+02,1.195176150000000064e+02,2.949269679999999880e+02,1.780853999999999937e+00,1.071300000000000030e-02,1.774202999999999975e+00
7.020046350000000075e+02,1.195434879999999964e+02,2.942453649999999925e+02,1.778489999999999904e+00,-4.571000000000000410e-03,1.776065000000000005e+00
7.016451210000000174e+02,1.195741289999999992e+02,2.934194590000000176e+02,1.775906999999999902e+00,-2.092799999999999869e-02,1.778381999999999907e+00
7.010496960000000399e+02,1.196350309999999979e+02,2.920203950000000077e+02,1.771873999999999949e+00,-4.567199999999999732e-02,1.782408999999999910e+00
7.004066490000000158e+02,1.197020380000000017e+02,2.904539790000000039e+02,1.767748000000000097e+00,-6.985099999999999643e-02,1.787060000000000093e+00
6.997430090000000291e+02,1.197286339999999996e+02,2.887412519999999745e+02,1.763605000000000089e+00,-9.223900000000000154e-02,1.792291999999999996e+00
6.989799980000000232e+02,1.197786339999999967e+02,2.867222959999999716e+02,1.759188999999999892e+00,-1.150299999999999934e-01,1.798751999999999907e+00
6.981385960000000068e+02,1.198682239999999979e+02,2.844304999999999950e+02,1.754653000000000018e+00,-1.370540000000000092e-01,1.806324999999999958e+00
6.972861120000000028e+02,1.199931569999999965e+02,2.819051600000000235e+02,1.749819000000000013e+00,-1.592389999999999917e-01,1.815085000000000059e+00
6.965009830000000193e+02,1.201146520000000066e+02,2.794393039999999928e+02,1.745117000000000029e+00,-1.794399999999999884e-01,1.823933000000000026e+00
6.957158779999999751e+02,1.201989130000000046e+02,2.767023810000000026e+02,1.740032000000000023e+00,-1.995399999999999952e-01,1.833777999999999908e+00
6.950237859999999728e+02,1.202565349999999995e+02,2.740640450000000214e+02,1.735151000000000110e+00,-2.175070000000000059e-01,1.843533000000000088e+00
6.944050300000000107e+02,1.203130429999999933e+02,2.712509580000000255e+02,1.730080000000000062e+00,-2.349829999999999974e-01,1.854095999999999966e+00
6.939644729999999981e+02,1.203279710000000051e+02,2.687952619999999797e+02,1.725624999999999964e+00,-2.494649999999999923e-01,1.863350999999999980e+00
6.936384739999999738e+02,1.203160740000000004e+02,2.666612769999999841e+02,1.721845000000000070e+00,-2.612470000000000070e-01,1.871377999999999986e+00
6.933449130000000196e+02,1.203146220000000000e+02,2.643474019999999882e+02,1.718016999999999905e+00,-2.729630000000000112e-01,1.880028000000000032e+00
6.930970690000000332e+02,1.203471820000000037e+02,2.619183590000000095e+02,1.714383999999999908e+00,-2.841500000000000137e-01,1.888932999999999973e+00
6.928940920000000006e+02,1.204133099999999956e+02,2.595751189999999724e+02,1.711335000000000051e+00,-2.936170000000000169e-01,1.897154000000000007e+00
6.925599009999999680e+02,1.204372999999999934e+02,2.547399859999999876e+02,1.706274000000000068e+00,-3.083210000000000117e-01,1.912786000000000097e+00
6.924202109999999948e+02,1.203565990000000028e+02,2.525131460000000061e+02,1.704242000000000035e+00,-3.131300000000000194e-01,1.919527999999999901e+00
6.922811189999999897e+02,1.202129489999999947e+02,2.503392240000000015e+02,1.702306000000000097e+00,-3.167880000000000140e-01,1.925939000000000068e+00
6.921695750000000089e+02,1.200921400000000006e+02,2.489469190000000083e+02,1.701076000000000032e+00,-3.186660000000000048e-01,1.930012999999999979e+00
6.919828350000000228e+02,1.198580220000000054e+02,2.465502960000000030e+02,1.698984999999999967e+00,-3.211820000000000230e-01,1.936841000000000035e+00
6.918078639999999950e+02,1.195876590000000022e+02,2.442723369999999932e+02,1.696876000000000051e+00,-3.230279999999999818e-01,1.943308999999999953e+00
6.915919400000000223e+02,1.192084250000000054e+02,2.417941889999999887e+02,1.694358000000000031e+00,-3.245790000000000064e-01,1.950179000000000107e+00
6.913957910000000311e+02,1.187585830000000016e+02,2.393816999999999950e+02,1.691661000000000081e+00,-3.257349999999999968e-01,1.956709999999999949e+00
6.911234990000000380e+02,1.181858629999999977e+02,2.366311469999999986e+02,1.688374000000000041e+00,-3.266970000000000152e-01,1.964021000000000017e+00
6.908454860000000508e+02,1.176011460000000000e+02,2.338917030000000068e+02,1.685130999999999935e+00,-3.272740000000000093e-01,1.971089000000000091e+00
6.905405520000000479e+02,1.170999599999999958e+02,2.313663439999999980e+02,1.682444999999999968e+00,-3.272479999999999833e-01,1.977511000000000019e+00
6.901865289999999504e+02,1.165322730000000035e+02,2.285929079999999942e+02,1.679570999999999925e+00,-3.269710000000000116e-01,1.984480000000000022e+00
6.898425029999999651e+02,1.160234669999999966e+02,2.260754420000000096e+02,1.676868999999999943e+00,-3.268329999999999846e-01,1.990683999999999898e+00
6.894439640000000509e+02,1.154235489999999942e+02,2.231838720000000080e+02,1.673651999999999918e+00,-3.267019999999999924e-01,1.997716999999999965e+00
6.892341280000000552e+02,1.151142020000000059e+02,2.217093120000000113e+02,1.672009000000000079e+00,-3.266100000000000114e-01,2.001234999999999875e+00
6.890191109999999526e+02,1.147879980000000018e+02,2.201643039999999871e+02,1.670263999999999971e+00,-3.265259999999999829e-01,2.004919000000000118e+00
6.885740809999999783e+02,1.141205590000000001e+02,2.170169820000000129e+02,1.666638000000000064e+00,-3.264569999999999972e-01,2.012462999999999891e+00
6.882491479999999910e+02,1.136109749999999963e+02,2.146315419999999961e+02,1.663785999999999987e+00,-3.266290000000000027e-01,2.018215000000000092e+00
6.879719539999999824e+02,1.131313820000000021e+02,2.124706229999999891e+02,1.661148000000000069e+00,-3.268599999999999839e-01,2.023436999999999930e+00
6.876829870000000255e+02,1.125689749999999947e+02,2.100704959999999915e+02,1.658176000000000094e+00,-3.272689999999999766e-01,2.029119000000000117e+00
6.874703510000000506e+02,1.120700619999999930e+02,2.080798530000000142e+02,1.655831000000000053e+00,-3.274400000000000088e-01,2.033685000000000187e+00
6.873004439999999704e+02,1.115554010000000034e+02,2.061499210000000062e+02,1.653454999999999897e+00,-3.277510000000000145e-01,2.037993999999999861e+00
6.871515219999999999e+02,1.107204629999999952e+02,2.033058609999999931e+02,1.649693999999999994e+00,-3.285129999999999995e-01,2.044064999999999799e+00
6.871173420000000078e+02,1.104193939999999969e+02,2.023828010000000006e+02,1.648406000000000038e+00,-3.288590000000000124e-01,2.045910999999999813e+00
6.870809550000000172e+02,1.099486700000000070e+02,2.010324349999999924e+02,1.646484999999999976e+00,-3.293579999999999841e-01,2.048626000000000058e+00
6.869923009999999977e+02,1.094920589999999976e+02,1.997732509999999877e+02,1.644760999999999918e+00,-3.296160000000000201e-01,2.051254999999999828e+00
6.868782330000000229e+02,1.090750649999999951e+02,1.986666240000000130e+02,1.643429000000000029e+00,-3.294750000000000179e-01,2.053637999999999852e+00
6.866512800000000425e+02,1.086618789999999990e+02,1.974980529999999987e+02,1.642215999999999898e+00,-3.290109999999999979e-01,2.056395000000000195e+00
6.863816150000000107e+02,1.083307709999999986e+02,1.964425229999999942e+02,1.641285000000000105e+00,-3.283280000000000087e-01,2.059105999999999881e+00
6.861817929999999706e+02,1.081185859999999934e+02,1.957593459999999936e+02,1.640689000000000064e+00,-3.277570000000000205e-01,2.061081000000000163e+00
6.857322729999999638e+02,1.077249900000000054e+02,1.944950450000000046e+02,1.639383000000000035e+00,-3.267800000000000149e-01,2.065099000000000018e+00
6.852717669999999544e+02,1.073162860000000052e+02,1.933248069999999927e+02,1.637941000000000091e+00,-3.258559999999999790e-01,2.069217000000000084e+00
6.846492180000000189e+02,1.069172650000000004e+02,1.920592719999999929e+02,1.636335000000000095e+00,-3.248550000000000049e-01,2.074180000000000135e+00
6.839511810000000196e+02,1.065734810000000010e+02,1.908476789999999994e+02,1.634760999999999909e+00,-3.238519999999999732e-01,2.079492000000000118e+00
6.834607670000000326e+02,1.063544660000000022e+02,1.900622009999999875e+02,1.633715999999999946e+00,-3.231760000000000188e-01,2.083117999999999803e+00
6.825688850000000230e+02,1.060123909999999938e+02,1.887793010000000038e+02,1.631934999999999913e+00,-3.220250000000000057e-01,2.089558999999999944e+00
6.816391009999999824e+02,1.056733969999999943e+02,1.875549969999999860e+02,1.630125000000000046e+00,-3.208650000000000113e-01,2.096175999999999817e+00
6.806618439999999737e+02,1.053447869999999966e+02,1.863434709999999939e+02,1.628222999999999976e+00,-3.198269999999999724e-01,2.102921999999999958e+00
6.796999499999999443e+02,1.050597549999999956e+02,1.851727809999999863e+02,1.626325999999999938e+00,-3.190529999999999755e-01,2.109345999999999943e+00
6.786517499999999927e+02,1.047387499999999960e+02,1.839277539999999931e+02,1.624201999999999924e+00,-3.183639999999999803e-01,2.116096000000000199e+00
6.780866109999999480e+02,1.045660819999999944e+02,1.832824280000000101e+02,1.623053000000000079e+00,-3.180720000000000214e-01,2.119582999999999995e+00
6.773289929999999686e+02,1.043094109999999972e+02,1.824317420000000141e+02,1.621472999999999942e+00,-3.178300000000000014e-01,2.123974000000000029e+00
6.765910460000000057e+02,1.040027230000000031e+02,1.816332040000000063e+02,1.619974000000000025e+00,-3.175959999999999894e-01,2.127778000000000169e+00
6.749991959999999835e+02,1.032126729999999952e+02,1.801276900000000012e+02,1.617537999999999920e+00,-3.170000000000000040e-01,2.132960999999999885e+00
6.744776259999999866e+02,1.029137889999999942e+02,1.796522170000000074e+02,1.616873999999999922e+00,-3.166260000000000185e-01,2.134323999999999888e+00
6.740361120000000028e+02,1.026325690000000037e+02,1.792775800000000004e+02,1.616374999999999895e+00,-3.162820000000000076e-01,2.135063999999999851e+00
6.736457570000000032e+02,1.023880280000000056e+02,1.789980720000000076e+02,1.615984000000000087e+00,-3.161530000000000173e-01,2.135132000000000030e+00
6.733072570000000496e+02,1.021527399999999943e+02,1.788184320000000014e+02,1.615712999999999955e+00,-3.162220000000000031e-01,2.134367999999999821e+00
6.730124329999999873e+02,1.019397419999999954e+02,1.787515309999999999e+02,1.615610999999999908e+00,-3.165259999999999740e-01,2.132678999999999991e+00
6.727709129999999504e+02,1.017444619999999986e+02,1.787779400000000010e+02,1.615634999999999932e+00,-3.169939999999999980e-01,2.130287000000000042e+00
6.726205760000000282e+02,1.015444130000000058e+02,1.788860119999999938e+02,1.615674000000000055e+00,-3.175140000000000184e-01,2.127569999999999961e+00
6.724972430000000259e+02,1.013073100000000011e+02,1.790696360000000027e+02,1.615763000000000060e+00,-3.181200000000000139e-01,2.124089000000000116e+00
6.724727000000000317e+02,1.010670530000000014e+02,1.793739830000000097e+02,1.616109999999999935e+00,-3.185919999999999863e-01,2.119851000000000152e+00
6.725006220000000212e+02,1.008052619999999990e+02,1.798291839999999979e+02,1.616988000000000092e+00,-3.187280000000000113e-01,2.114123999999999892e+00
6.726231089999999995e+02,1.005609079999999977e+02,1.804037769999999909e+02,1.618206999999999951e+00,-3.186740000000000128e-01,2.107695999999999792e+00
6.728356870000000072e+02,1.002471759999999961e+02,1.812615539999999896e+02,1.620332000000000106e+00,-3.180830000000000046e-01,2.098470999999999975e+00
6.730235280000000557e+02,1.000154940000000039e+02,1.819440480000000093e+02,1.622068000000000065e+00,-3.174029999999999907e-01,2.091321999999999903e+00
6.731966079999999693e+02,9.977004100000000619e+01,1.826688729999999907e+02,1.623985999999999930e+00,-3.164719999999999756e-01,2.083650000000000002e+00
6.733373060000000123e+02,9.951774500000000501e+01,1.833958100000000115e+02,1.626074999999999937e+00,-3.151999999999999802e-01,2.075760999999999967e+00
6.734375959999999850e+02,9.926705800000000579e+01,1.840828549999999950e+02,1.628174000000000010e+00,-3.136639999999999984e-01,2.068154999999999966e+00
6.734869300000000294e+02,9.902759899999999504e+01,1.846453349999999887e+02,1.629938000000000109e+00,-3.121579999999999910e-01,2.061669999999999892e+00
6.734849309999999605e+02,9.877732100000000059e+01,1.851728099999999984e+02,1.631706000000000101e+00,-3.103909999999999725e-01,2.055318999999999896e+00
6.734264640000000099e+02,9.851791599999999960e+01,1.856206500000000119e+02,1.633299999999999974e+00,-3.085559999999999969e-01,2.049526000000000181e+00
6.733388429999999971e+02,9.824867000000000417e+01,1.860112929999999949e+02,1.634611000000000036e+00,-3.068040000000000211e-01,2.044294999999999973e+00
6.731945249999999987e+02,9.797528699999999446e+01,1.863266370000000052e+02,1.635685999999999973e+00,-3.050930000000000031e-01,2.039635999999999783e+00
6.730490260000000262e+02,9.772695299999999463e+01,1.865339960000000019e+02,1.636330000000000062e+00,-3.037560000000000260e-01,2.036195000000000199e+00
6.728560700000000452e+02,9.745432700000000636e+01,1.866457890000000077e+02,1.636452000000000018e+00,-3.027639999999999776e-01,2.033598000000000017e+00
6.725936910000000353e+02,9.713639399999999569e+01,1.866034989999999993e+02,1.635909000000000058e+00,-3.021289999999999809e-01,2.032118000000000091e+00
6.722869769999999789e+02,9.682469199999999887e+01,1.864148380000000031e+02,1.634543999999999997e+00,-3.022759999999999891e-01,2.032109000000000165e+00
6.715065409999999702e+02,9.612810899999999492e+01,1.856743140000000096e+02,1.629613999999999896e+00,-3.046539999999999804e-01,2.034968000000000110e+00
6.713105160000000069e+02,9.595521700000000465e+01,1.854727000000000032e+02,1.628216000000000108e+00,-3.054270000000000040e-01,2.035747999999999891e+00
6.711058359999999539e+02,9.577514200000000244e+01,1.852526340000000005e+02,1.626743000000000050e+00,-3.062280000000000002e-01,2.036649000000000154e+00
6.707678720000000112e+02,9.549886600000000669e+01,1.848599639999999908e+02,1.624238000000000071e+00,-3.077079999999999815e-01,2.038425000000000153e+00
6.703815240000000131e+02,9.518660800000000677e+01,1.843481089999999938e+02,1.620973999999999915e+00,-3.099580000000000113e-01,2.040912000000000059e+00
6.699524509999999964e+02,9.491100299999999379e+01,1.837512140000000045e+02,1.617305999999999910e+00,-3.127400000000000180e-01,2.043928999999999885e+00
6.696105589999999665e+02,9.473254000000000019e+01,1.832382310000000132e+02,1.614171000000000022e+00,-3.153299999999999992e-01,2.046532000000000018e+00
6.692170429999999897e+02,9.454411500000000501e+01,1.826090320000000133e+02,1.610190999999999928e+00,-3.188139999999999863e-01,2.049748000000000125e+00
6.688679349999999886e+02,9.434987499999999727e+01,1.819991840000000138e+02,1.606214000000000031e+00,-3.224409999999999776e-01,2.052703999999999862e+00
6.686688080000000127e+02,9.420659799999999962e+01,1.816186260000000061e+02,1.603496999999999950e+00,-3.250049999999999883e-01,2.054429999999999978e+00
6.684205540000000383e+02,9.398739899999999636e+01,1.811185900000000117e+02,1.599350000000000049e+00,-3.290819999999999856e-01,2.056595999999999869e+00
6.682298110000000406e+02,9.379297499999999843e+01,1.806660239999999931e+02,1.595474000000000059e+00,-3.329949999999999855e-01,2.058335000000000026e+00
6.680701729999999543e+02,9.360878300000000252e+01,1.802037890000000004e+02,1.591822999999999988e+00,-3.366919999999999913e-01,2.059978999999999782e+00
6.679303129999999555e+02,9.347695500000000379e+01,1.797128380000000050e+02,1.588416999999999968e+00,-3.402450000000000196e-01,2.061580999999999886e+00
6.677690860000000157e+02,9.342685199999999668e+01,1.791500810000000001e+02,1.585069000000000061e+00,-3.438880000000000270e-01,2.063304000000000027e+00
6.676174670000000333e+02,9.336053800000000535e+01,1.785862199999999973e+02,1.581971999999999934e+00,-3.471219999999999861e-01,2.064944000000000113e+00
6.674554520000000366e+02,9.328687499999999488e+01,1.779487070000000131e+02,1.578764999999999974e+00,-3.503809999999999980e-01,2.066708999999999907e+00
6.672717830000000276e+02,9.323730999999999369e+01,1.772357149999999990e+02,1.575639999999999930e+00,-3.535030000000000117e-01,2.068572000000000077e+00
6.670294629999999643e+02,9.317680099999999754e+01,1.762950539999999933e+02,1.571771999999999947e+00,-3.572899999999999965e-01,2.070965999999999863e+00
6.669016480000000229e+02,9.313246800000000292e+01,1.757919510000000116e+02,1.569908000000000081e+00,-3.590200000000000058e-01,2.072185000000000166e+00
6.666864950000000363e+02,9.302429700000000423e+01,1.749155130000000042e+02,1.566629999999999967e+00,-3.619330000000000047e-01,2.074292999999999942e+00
6.664791480000000092e+02,9.289384200000000646e+01,1.740554820000000120e+02,1.563698000000000032e+00,-3.642929999999999779e-01,2.076264999999999805e+00
6.662530239999999822e+02,9.271712800000000243e+01,1.730721310000000130e+02,1.560464999999999991e+00,-3.667290000000000272e-01,2.078460999999999892e+00
6.660805189999999811e+02,9.251613399999999388e+01,1.722400770000000136e+02,1.557814999999999950e+00,-3.685320000000000262e-01,2.080248999999999793e+00
6.659033319999999776e+02,9.207905399999999929e+01,1.710960640000000126e+02,1.554537000000000058e+00,-3.702369999999999828e-01,2.082463000000000175e+00
6.658156430000000228e+02,9.160565800000000536e+01,1.702337499999999864e+02,1.552402000000000060e+00,-3.708119999999999750e-01,2.083918999999999855e+00
6.657967509999999720e+02,9.104830400000000168e+01,1.694891149999999982e+02,1.550489000000000006e+00,-3.711590000000000167e-01,2.085074000000000094e+00
6.658174589999999853e+02,9.041727299999999445e+01,1.688036879999999940e+02,1.548794999999999922e+00,-3.712770000000000237e-01,2.086037999999999837e+00
6.659025309999999536e+02,8.973284300000000258e+01,1.682563550000000134e+02,1.547447000000000017e+00,-3.710910000000000042e-01,2.086657000000000206e+00
6.659930219999999963e+02,8.922902299999999798e+01,1.679536940000000129e+02,1.546626999999999974e+00,-3.708540000000000170e-01,2.086920999999999804e+00
6.662195080000000189e+02,8.820276800000000605e+01,1.675046379999999999e+02,1.545090999999999992e+00,-3.702840000000000020e-01,2.087181000000000175e+00
6.663566700000000083e+02,8.746676399999999774e+01,1.672374230000000068e+02,1.544024000000000063e+00,-3.698250000000000148e-01,2.087334999999999940e+00
6.665331360000000132e+02,8.649271400000000654e+01,1.669845379999999864e+02,1.542680999999999969e+00,-3.691929999999999934e-01,2.087425999999999782e+00
6.666525920000000269e+02,8.546238700000000676e+01,1.667438270000000102e+02,1.541312999999999933e+00,-3.684100000000000152e-01,2.087581000000000131e+00
6.667176879999999528e+02,8.439201699999999562e+01,1.665034420000000068e+02,1.540013999999999994e+00,-3.673560000000000159e-01,2.087778999999999829e+00
6.667310429999999997e+02,8.337807200000000307e+01,1.662991639999999904e+02,1.538879000000000108e+00,-3.661909999999999887e-01,2.087984000000000062e+00
6.666308840000000373e+02,8.237695399999999779e+01,1.660564970000000073e+02,1.537735000000000074e+00,-3.649609999999999799e-01,2.088404999999999845e+00
6.664524689999999509e+02,8.137159300000000428e+01,1.657748459999999966e+02,1.536467000000000027e+00,-3.638489999999999780e-01,2.089030000000000165e+00
6.661521880000000237e+02,8.042403099999999938e+01,1.654117599999999868e+02,1.535155000000000047e+00,-3.628250000000000086e-01,2.089993999999999907e+00
6.656738820000000487e+02,7.937804599999999766e+01,1.648673049999999876e+02,1.533538999999999985e+00,-3.616030000000000078e-01,2.091765999999999792e+00
6.651461709999999812e+02,7.843471499999999708e+01,1.642674030000000016e+02,1.531824999999999992e+00,-3.605849999999999889e-01,2.094090000000000007e+00
6.645400019999999586e+02,7.752056399999999314e+01,1.635898829999999862e+02,1.530008000000000035e+00,-3.595709999999999740e-01,2.096903999999999879e+00
6.639400849999999537e+02,7.671783299999999883e+01,1.629140490000000057e+02,1.528292999999999902e+00,-3.586010000000000031e-01,2.099867999999999846e+00
6.632847990000000209e+02,7.591651000000000238e+01,1.621714090000000112e+02,1.526437000000000044e+00,-3.576210000000000222e-01,2.103355999999999781e+00
6.625464759999999842e+02,7.512650399999999706e+01,1.613210909999999956e+02,1.524307000000000079e+00,-3.567239999999999855e-01,2.107645999999999908e+00
6.618449930000000450e+02,7.441611100000000079e+01,1.604876739999999984e+02,1.521992999999999929e+00,-3.562469999999999803e-01,2.112165000000000070e+00
6.610002130000000307e+02,7.361461900000000469e+01,1.594759459999999933e+02,1.518774000000000068e+00,-3.563769999999999993e-01,2.118027000000000104e+00
6.603543089999999438e+02,7.304689399999999466e+01,1.587042690000000107e+02,1.516043999999999947e+00,-3.569410000000000083e-01,2.122717000000000187e+00
6.597328890000000001e+02,7.252545999999999538e+01,1.579443459999999959e+02,1.513063000000000047e+00,-3.579350000000000032e-01,2.127609999999999779e+00
6.591536469999999781e+02,7.209926799999999503e+01,1.572370249999999885e+02,1.510005000000000042e+00,-3.593589999999999840e-01,2.132461000000000162e+00
6.581095129999999926e+02,7.148424599999999884e+01,1.558975020000000029e+02,1.503015999999999908e+00,-3.638719999999999732e-01,2.142815000000000136e+00
6.574893289999999979e+02,7.120451500000000067e+01,1.550329160000000002e+02,1.497457999999999956e+00,-3.682179999999999898e-01,2.150431999999999899e+00
6.572269049999999879e+02,7.117402800000000695e+01,1.546572539999999947e+02,1.495019000000000098e+00,-3.703480000000000105e-01,2.153973000000000138e+00
6.570008779999999433e+02,7.122896199999999567e+01,1.543356750000000090e+02,1.493278000000000105e+00,-3.719199999999999728e-01,2.157020000000000159e+00
6.567785380000000259e+02,7.129471399999999903e+01,1.540296240000000125e+02,1.491997999999999935e+00,-3.729580000000000117e-01,2.159766999999999992e+00
6.565664560000000165e+02,7.136315500000000611e+01,1.537353420000000028e+02,1.491222000000000047e+00,-3.733949999999999769e-01,2.162262000000000128e+00
6.563784640000000081e+02,7.147646500000000458e+01,1.534851580000000126e+02,1.491325999999999929e+00,-3.729620000000000157e-01,2.164207000000000214e+00
6.562685249999999542e+02,7.155864300000000355e+01,1.533497050000000002e+02,1.491497999999999990e+00,-3.726559999999999873e-01,2.165227999999999930e+00
6.561023099999999886e+02,7.166656799999999805e+01,1.531564459999999883e+02,1.491803999999999908e+00,-3.722090000000000121e-01,2.166619999999999990e+00
6.559587629999999763e+02,7.173686499999999455e+01,1.530077589999999930e+02,1.492245000000000044e+00,-3.716499999999999804e-01,2.167511999999999883e+00
6.558118640000000141e+02,7.180171199999999487e+01,1.528802849999999864e+02,1.493206999999999951e+00,-3.705430000000000113e-01,2.167952000000000101e+00
6.556688410000000431e+02,7.186481600000000469e+01,1.527702769999999930e+02,1.494936000000000043e+00,-3.685419999999999807e-01,2.167955000000000076e+00
6.555307430000000295e+02,7.188017700000000332e+01,1.526695259999999905e+02,1.497370000000000090e+00,-3.655829999999999913e-01,2.167553999999999981e+00
6.554165920000000369e+02,7.181192699999999718e+01,1.525772580000000005e+02,1.500102999999999964e+00,-3.620149999999999757e-01,2.166894999999999794e+00
6.553113560000000462e+02,7.167482900000000257e+01,1.524778120000000001e+02,1.503149999999999986e+00,-3.578089999999999882e-01,2.166097000000000161e+00
6.552118980000000192e+02,7.146015900000000443e+01,1.523675029999999992e+02,1.506327999999999889e+00,-3.531810000000000227e-01,2.165233000000000185e+00
6.550939339999999902e+02,7.101898599999999817e+01,1.522006580000000042e+02,1.511244000000000032e+00,-3.457489999999999730e-01,2.163835000000000175e+00
6.550572300000000041e+02,7.074223800000000040e+01,1.521209000000000060e+02,1.513968999999999898e+00,-3.415429999999999855e-01,2.163018000000000107e+00
6.550332620000000361e+02,7.044256900000000599e+01,1.520446689999999990e+02,1.516547000000000089e+00,-3.374349999999999850e-01,2.162237000000000187e+00
6.550016689999999926e+02,6.989645199999999647e+01,1.519154310000000123e+02,1.520671000000000106e+00,-3.306239999999999735e-01,2.160979000000000205e+00
6.549712429999999586e+02,6.918621100000000013e+01,1.517577670000000012e+02,1.524901999999999980e+00,-3.231450000000000156e-01,2.159676999999999847e+00
6.549504249999999956e+02,6.837915399999999977e+01,1.515915259999999876e+02,1.529058000000000028e+00,-3.154159999999999742e-01,2.158373999999999793e+00
6.549539429999999811e+02,6.748212599999999384e+01,1.514274470000000008e+02,1.533126999999999907e+00,-3.075200000000000156e-01,2.157059999999999977e+00
6.549651969999999892e+02,6.691820900000000449e+01,1.513305200000000070e+02,1.535555999999999921e+00,-3.027380000000000071e-01,2.156283000000000172e+00
6.549962399999999434e+02,6.591702600000000700e+01,1.511669780000000003e+02,1.539503000000000066e+00,-2.947270000000000167e-01,2.155034000000000116e+00
6.550418039999999564e+02,6.483808000000000504e+01,1.510040979999999990e+02,1.543260999999999994e+00,-2.867190000000000016e-01,2.153808000000000167e+00
6.550894580000000360e+02,6.375697300000000212e+01,1.508480470000000082e+02,1.546539000000000108e+00,-2.793439999999999812e-01,2.152709999999999901e+00
6.551443980000000238e+02,6.255675099999999844e+01,1.506781459999999981e+02,1.549813000000000107e+00,-2.716109999999999913e-01,2.151615000000000055e+00
6.552023779999999533e+02,6.134437700000000149e+01,1.505097189999999898e+02,1.552597000000000005e+00,-2.644369999999999776e-01,2.150685999999999876e+00
6.552456140000000460e+02,6.023009600000000319e+01,1.503449070000000063e+02,1.554578999999999933e+00,-2.585770000000000013e-01,2.150094999999999867e+00
6.552654350000000250e+02,5.898053399999999868e+01,1.501307979999999986e+02,1.556264000000000092e+00,-2.526999999999999802e-01,2.149795000000000122e+00
6.552664499999999634e+02,5.784810800000000341e+01,1.499153699999999958e+02,1.557395000000000085e+00,-2.479059999999999875e-01,2.149811000000000138e+00
6.552457670000000007e+02,5.668848500000000001e+01,1.496636129999999980e+02,1.558437000000000072e+00,-2.431830000000000103e-01,2.150129999999999875e+00
6.552254950000000235e+02,5.599949800000000266e+01,1.495022950000000037e+02,1.559048999999999907e+00,-2.404469999999999941e-01,2.150438999999999989e+00
6.551802059999999983e+02,5.490891599999999784e+01,1.492253870000000120e+02,1.560167999999999999e+00,-2.360460000000000058e-01,2.151110000000000078e+00
6.551097369999999955e+02,5.388264800000000321e+01,1.489247479999999939e+02,1.561312000000000033e+00,-2.318759999999999988e-01,2.152058999999999944e+00
6.550160779999999932e+02,5.299370700000000056e+01,1.486224579999999946e+02,1.562469000000000108e+00,-2.282210000000000072e-01,2.153166999999999831e+00
6.549119930000000522e+02,5.210773700000000019e+01,1.483016810000000021e+02,1.563749000000000056e+00,-2.246150000000000091e-01,2.154455000000000009e+00
6.548166690000000472e+02,5.142729700000000292e+01,1.480350950000000125e+02,1.565123999999999960e+00,-2.215749999999999942e-01,2.155546000000000184e+00
6.547328449999999975e+02,5.101573199999999986e+01,1.478396410000000003e+02,1.566267000000000076e+00,-2.194889999999999897e-01,2.156404999999999905e+00
6.545487779999999702e+02,5.042009800000000297e+01,1.474742099999999994e+02,1.568843999999999905e+00,-2.155960000000000099e-01,2.158078000000000163e+00
6.542412900000000491e+02,4.983846799999999888e+01,1.469506709999999998e+02,1.573217000000000088e+00,-2.100249999999999895e-01,2.160639999999999894e+00
6.540985950000000457e+02,4.961850299999999692e+01,1.467235369999999932e+02,1.575123999999999969e+00,-2.078000000000000125e-01,2.161805999999999894e+00
6.538648329999999760e+02,4.933395900000000012e+01,1.463725640000000112e+02,1.578292000000000028e+00,-2.043740000000000001e-01,2.163628999999999802e+00
6.532618519999999762e+02,4.881719199999999859e+01,1.455435870000000023e+02,1.588000000000000078e+00,-1.949710000000000054e-01,2.167739999999999778e+00
6.530387220000000070e+02,4.870363199999999892e+01,1.452736710000000073e+02,1.592675000000000063e+00,-1.907480000000000009e-01,2.168832999999999789e+00
6.528314649999999801e+02,4.862539799999999701e+01,1.450442070000000001e+02,1.597493000000000052e+00,-1.865459999999999896e-01,2.169618999999999964e+00
6.526356190000000197e+02,4.850191900000000089e+01,1.448482040000000097e+02,1.602867999999999959e+00,-1.818210000000000104e-01,2.169957000000000136e+00
6.525457169999999678e+02,4.840358799999999917e+01,1.447661990000000003e+02,1.605799999999999894e+00,-1.791840000000000099e-01,2.169918000000000013e+00
6.524080219999999599e+02,4.822496999999999900e+01,1.446545920000000081e+02,1.610481999999999969e+00,-1.748919999999999919e-01,2.169662999999999897e+00
6.522724359999999706e+02,4.798728799999999950e+01,1.445389209999999878e+02,1.615774000000000044e+00,-1.698000000000000065e-01,2.169324000000000030e+00
6.521783820000000560e+02,4.775772099999999654e+01,1.444515660000000139e+02,1.620787999999999895e+00,-1.647919999999999940e-01,2.168937999999999811e+00
6.521050920000000133e+02,4.742775600000000225e+01,1.443674829999999929e+02,1.626166999999999918e+00,-1.590769999999999962e-01,2.168482000000000021e+00
6.520724010000000135e+02,4.714954399999999879e+01,1.443164350000000127e+02,1.630292000000000074e+00,-1.545130000000000114e-01,2.168089999999999851e+00
6.520593420000000151e+02,4.669465799999999689e+01,1.442601879999999994e+02,1.635740999999999890e+00,-1.481459999999999999e-01,2.167533000000000154e+00
6.520611850000000231e+02,4.619129800000000330e+01,1.442045479999999884e+02,1.641234999999999999e+00,-1.414209999999999912e-01,2.166971999999999898e+00
6.520715750000000526e+02,4.560177199999999686e+01,1.441427370000000110e+02,1.646509000000000000e+00,-1.345210000000000017e-01,2.166453999999999880e+00
6.520833410000000185e+02,4.491370299999999816e+01,1.440691280000000063e+02,1.652209000000000039e+00,-1.267709999999999948e-01,2.165937000000000001e+00
6.520794959999999492e+02,4.414974200000000337e+01,1.439734880000000032e+02,1.658435000000000104e+00,-1.180660000000000043e-01,2.165461000000000080e+00
6.520736990000000333e+02,4.369700199999999768e+01,1.439138110000000097e+02,1.662107000000000001e+00,-1.128379999999999939e-01,2.165214999999999890e+00
6.520655339999999569e+02,4.288740299999999905e+01,1.438080060000000060e+02,1.667985999999999969e+00,-1.041229999999999933e-01,2.164874999999999883e+00
6.520565779999999450e+02,4.159295199999999681e+01,1.436434439999999881e+02,1.676468000000000069e+00,-9.101700000000000068e-02,2.164499000000000173e+00
6.520627930000000561e+02,4.054569599999999951e+01,1.435223640000000103e+02,1.682957999999999954e+00,-8.072400000000000408e-02,2.164270000000000138e+00
6.520819169999999758e+02,3.939931299999999936e+01,1.434025179999999864e+02,1.690015999999999963e+00,-6.943399999999999572e-02,2.164073999999999831e+00
6.521009679999999662e+02,3.829244700000000279e+01,1.432927190000000053e+02,1.697006000000000014e+00,-5.823500000000000204e-02,2.163952999999999793e+00
6.521260260000000244e+02,3.719580299999999795e+01,1.431898360000000139e+02,1.704271000000000091e+00,-4.669199999999999739e-02,2.163892999999999844e+00
6.521735200000000532e+02,3.617033399999999688e+01,1.431105809999999963e+02,1.711451999999999973e+00,-3.542300000000000310e-02,2.163860999999999812e+00
6.522739719999999579e+02,3.506285900000000311e+01,1.430619670000000099e+02,1.719748999999999972e+00,-2.261000000000000162e-02,2.163806999999999814e+00
6.524365149999999858e+02,3.395666299999999893e+01,1.430613879999999938e+02,1.728448999999999902e+00,-9.334999999999999548e-03,2.163718999999999948e+00
6.526779840000000377e+02,3.295392100000000113e+01,1.431328450000000032e+02,1.737179999999999946e+00,3.725000000000000012e-03,2.163545000000000051e+00
6.529743750000000091e+02,3.204875499999999988e+01,1.432427250000000072e+02,1.746369999999999978e+00,1.709400000000000155e-02,2.163356999999999974e+00
6.532614600000000564e+02,3.124433799999999906e+01,1.433570239999999956e+02,1.755395999999999956e+00,2.998500000000000124e-02,2.163264999999999993e+00
6.535825859999999921e+02,3.045268599999999992e+01,1.435015329999999949e+02,1.765125000000000055e+00,4.368299999999999961e-02,2.163196999999999814e+00
6.538920389999999543e+02,2.976275100000000151e+01,1.436542369999999949e+02,1.774014999999999898e+00,5.610500000000000209e-02,2.163162999999999947e+00
6.542599269999999478e+02,2.904795000000000016e+01,1.438800730000000101e+02,1.784070999999999962e+00,7.000099999999999378e-02,2.162938000000000027e+00
6.547100199999999859e+02,2.838800900000000027e+01,1.442070060000000069e+02,1.794205000000000050e+00,8.391899999999999360e-02,2.162316999999999823e+00
6.551763110000000552e+02,2.775002299999999877e+01,1.445600000000000023e+02,1.804367999999999972e+00,9.787600000000000466e-02,2.161678000000000210e+00
6.556146909999999934e+02,2.715859299999999976e+01,1.448964440000000025e+02,1.814055999999999891e+00,1.112039999999999973e-01,2.161129999999999995e+00
6.560991960000000063e+02,2.652240700000000118e+01,1.452624690000000101e+02,1.825415000000000010e+00,1.267139999999999933e-01,2.160753999999999841e+00
6.565059790000000248e+02,2.603127200000000130e+01,1.455885600000000011e+02,1.835992000000000068e+00,1.409140000000000115e-01,2.160622000000000043e+00
6.569280760000000328e+02,2.557945600000000042e+01,1.459287009999999896e+02,1.846665000000000001e+00,1.551980000000000026e-01,2.160606000000000027e+00
6.573316139999999450e+02,2.516350699999999918e+01,1.462742990000000134e+02,1.857366999999999990e+00,1.694660000000000055e-01,2.160735999999999990e+00
6.577419190000000526e+02,2.482234599999999958e+01,1.466362019999999973e+02,1.867647000000000057e+00,1.831150000000000000e-01,2.160861000000000143e+00
6.582551349999999957e+02,2.451265000000000072e+01,1.471308650000000000e+02,1.879691000000000001e+00,1.990570000000000117e-01,2.160833999999999921e+00
6.587749400000000151e+02,2.433104000000000156e+01,1.476939189999999940e+02,1.890684999999999949e+00,2.135950000000000071e-01,2.160473999999999783e+00
6.591792510000000220e+02,2.426941300000000012e+01,1.481457990000000109e+02,1.898957999999999924e+00,2.244579999999999909e-01,2.160146000000000122e+00
6.597082470000000285e+02,2.424537400000000176e+01,1.487801409999999862e+02,1.909982000000000069e+00,2.388969999999999982e-01,2.159766999999999992e+00
6.602839890000000196e+02,2.427989200000000025e+01,1.494629470000000140e+02,1.920975000000000099e+00,2.533440000000000136e-01,2.159323999999999799e+00
6.609357790000000250e+02,2.440483100000000150e+01,1.502868489999999895e+02,1.932949000000000028e+00,2.691560000000000064e-01,2.158641999999999950e+00
6.615796659999999747e+02,2.459041600000000116e+01,1.510923349999999914e+02,1.943448999999999982e+00,2.832160000000000233e-01,2.157728999999999786e+00
6.622235859999999548e+02,2.480896600000000163e+01,1.519109420000000057e+02,1.953421999999999992e+00,2.967890000000000250e-01,2.156778999999999780e+00
6.628926030000000083e+02,2.503948099999999855e+01,1.527616020000000105e+02,1.962914999999999965e+00,3.100249999999999950e-01,2.155772999999999939e+00
6.635552719999999454e+02,2.525890000000000057e+01,1.536224420000000066e+02,1.972070999999999907e+00,3.230830000000000091e-01,2.154812999999999867e+00
6.642732869999999821e+02,2.547838199999999986e+01,1.545726209999999980e+02,1.981340000000000101e+00,3.367359999999999798e-01,2.153715000000000046e+00
6.649692740000000413e+02,2.567033800000000099e+01,1.554868999999999915e+02,1.989918999999999993e+00,3.498160000000000158e-01,2.152591000000000143e+00
6.656813670000000229e+02,2.584825899999999876e+01,1.564050100000000043e+02,1.997888000000000108e+00,3.624180000000000179e-01,2.151387999999999856e+00
6.664416879999999992e+02,2.603137100000000004e+01,1.573799239999999884e+02,2.006264999999999965e+00,3.759540000000000104e-01,2.150168999999999997e+00
6.672347039999999652e+02,2.621918199999999999e+01,1.584078979999999888e+02,2.014870000000000161e+00,3.900640000000000218e-01,2.149014000000000202e+00
6.680777409999999463e+02,2.642886400000000080e+01,1.595287240000000111e+02,2.024144999999999861e+00,4.054059999999999886e-01,2.147952000000000083e+00
6.687938580000000002e+02,2.660854600000000048e+01,1.604699320000000000e+02,2.031746000000000052e+00,4.181480000000000197e-01,2.147126000000000090e+00
6.697045560000000251e+02,2.684044600000000003e+01,1.616587389999999971e+02,2.041310999999999876e+00,4.342860000000000054e-01,2.146288000000000196e+00
6.705896589999999833e+02,2.705920100000000161e+01,1.627829529999999920e+02,2.050457999999999892e+00,4.498829999999999774e-01,2.145738000000000145e+00
6.714969999999999573e+02,2.725683099999999826e+01,1.639323149999999885e+02,2.059603000000000073e+00,4.656600000000000183e-01,2.145453999999999972e+00
6.723785149999999931e+02,2.743558000000000163e+01,1.650526380000000017e+02,2.068100999999999967e+00,4.806529999999999969e-01,2.145245000000000068e+00
6.733684029999999439e+02,2.763924499999999895e+01,1.663004630000000077e+02,2.077056999999999931e+00,4.969500000000000028e-01,2.144973999999999936e+00
6.743783859999999777e+02,2.782406100000000038e+01,1.675473739999999907e+02,2.085517999999999983e+00,5.129240000000000466e-01,2.144740999999999786e+00
6.752993300000000545e+02,2.796133700000000033e+01,1.686739540000000090e+02,2.092880000000000074e+00,5.271639999999999660e-01,2.144604000000000177e+00
6.762311140000000478e+02,2.806771900000000031e+01,1.698130999999999915e+02,2.100579999999999892e+00,5.419760000000000133e-01,2.144801000000000180e+00
6.771880959999999732e+02,2.813399300000000025e+01,1.709751760000000047e+02,2.108560999999999908e+00,5.573360000000000536e-01,2.145267000000000035e+00
6.781656000000000404e+02,2.816361500000000007e+01,1.721552159999999958e+02,2.116185999999999900e+00,5.724390000000000311e-01,2.145643999999999885e+00
6.794012480000000096e+02,2.815013700000000085e+01,1.736242120000000000e+02,2.124445999999999835e+00,5.899860000000000104e-01,2.145621999999999918e+00
6.804632350000000542e+02,2.807346599999999981e+01,1.748710550000000126e+02,2.130208000000000101e+00,6.036789999999999656e-01,2.145030999999999910e+00
6.816225309999999808e+02,2.794512800000000041e+01,1.762262910000000034e+02,2.135247999999999813e+00,6.172299999999999454e-01,2.143853000000000009e+00
6.829345419999999649e+02,2.775596799999999931e+01,1.777880010000000084e+02,2.139858999999999956e+00,6.314389999999999725e-01,2.141979000000000077e+00
6.842785209999999552e+02,2.752192200000000000e+01,1.793973850000000141e+02,2.143702000000000218e+00,6.449979999999999603e-01,2.139712999999999976e+00
6.856209659999999531e+02,2.727083299999999966e+01,1.810001709999999946e+02,2.147021000000000068e+00,6.578920000000000323e-01,2.137322000000000166e+00
6.871032500000000027e+02,2.699981599999999915e+01,1.827550149999999860e+02,2.150351000000000123e+00,6.716090000000000115e-01,2.134631000000000167e+00
6.885859850000000506e+02,2.674834299999999843e+01,1.845025070000000085e+02,2.153823000000000043e+00,6.853590000000000515e-01,2.132137999999999867e+00
6.894665459999999939e+02,2.660334699999999941e+01,1.855411939999999902e+02,2.156095999999999790e+00,6.936740000000000128e-01,2.130904999999999827e+00
6.908775409999999511e+02,2.635344999999999871e+01,1.871862069999999960e+02,2.160328999999999944e+00,7.075299999999999923e-01,2.129595000000000127e+00
6.922409280000000535e+02,2.609431100000000114e+01,1.887508339999999976e+02,2.165147999999999850e+00,7.214310000000000445e-01,2.129249999999999865e+00
6.935437220000000025e+02,2.580795799999999929e+01,1.901963450000000080e+02,2.170770999999999784e+00,7.354650000000000354e-01,2.130069999999999908e+00
6.950890080000000353e+02,2.547729199999999850e+01,1.918353999999999928e+02,2.179116000000000053e+00,7.530740000000000212e-01,2.132795000000000218e+00
6.963540020000000368e+02,2.522438700000000011e+01,1.931372540000000129e+02,2.187009999999999899e+00,7.679550000000000542e-01,2.136165999999999787e+00
6.975121030000000246e+02,2.500292400000000015e+01,1.943087109999999882e+02,2.195301999999999865e+00,7.821909999999999696e-01,2.140322999999999976e+00
6.987218900000000303e+02,2.479238399999999842e+01,1.955484069999999974e+02,2.204431000000000029e+00,7.972099999999999742e-01,2.145217999999999847e+00
6.998485930000000508e+02,2.461315000000000097e+01,1.967243499999999869e+02,2.212635999999999825e+00,8.107699999999999907e-01,2.149677000000000060e+00
7.012243019999999660e+02,2.444097500000000167e+01,1.982050940000000026e+02,2.222564000000000206e+00,8.270999999999999464e-01,2.155075000000000074e+00
7.019014829999999847e+02,2.438103699999999918e+01,1.989429700000000025e+02,2.227275999999999812e+00,8.348950000000000538e-01,2.157585999999999782e+00
7.026400290000000268e+02,2.432468799999999831e+01,1.997495790000000113e+02,2.232397999999999882e+00,8.433089999999999753e-01,2.160330999999999779e+00
7.033830609999999979e+02,2.427999700000000161e+01,2.005677849999999864e+02,2.237522999999999929e+00,8.516939999999999511e-01,2.163079999999999892e+00
7.040814980000000105e+02,2.423924600000000140e+01,2.013573460000000068e+02,2.242068999999999868e+00,8.593169999999999975e-01,2.165474000000000121e+00
7.048573559999999816e+02,2.419164800000000071e+01,2.022555680000000109e+02,2.246872000000000202e+00,8.676030000000000131e-01,2.167962000000000167e+00
7.056407540000000154e+02,2.414490699999999990e+01,2.031706220000000087e+02,2.251488999999999852e+00,8.757770000000000277e-01,2.170322999999999780e+00
7.063768599999999651e+02,2.409798500000000132e+01,2.040537170000000060e+02,2.255498999999999921e+00,8.831890000000000018e-01,2.172321000000000168e+00
7.071967519999999467e+02,2.404741299999999882e+01,2.050405279999999948e+02,2.259716000000000058e+00,8.912020000000000497e-01,2.174393999999999938e+00
7.079710069999999860e+02,2.400489400000000018e+01,2.059851889999999912e+02,2.263341000000000047e+00,8.984600000000000364e-01,2.176082000000000072e+00
7.088338649999999461e+02,2.395988200000000035e+01,2.070496430000000032e+02,2.267142000000000213e+00,9.063590000000000257e-01,2.177779999999999827e+00
7.097060050000000047e+02,2.391622999999999877e+01,2.081561130000000048e+02,2.270758999999999972e+00,9.142099999999999671e-01,2.179310000000000080e+00
7.105750110000000177e+02,2.387377499999999841e+01,2.092684069999999963e+02,2.274289000000000005e+00,9.219060000000000032e-01,2.180816999999999783e+00
7.114684409999999843e+02,2.383359099999999842e+01,2.104327930000000038e+02,2.277715000000000156e+00,9.296050000000000146e-01,2.182221999999999884e+00
